id,label
TXT0001,
TXT0002,
TXT0003,
TXT0004,
TXT0005,
TXT0006,
TXT0007,
TXT0008,
TXT0009,
TXT0010,
TXT0011,
TXT0012,
TXT0013,
TXT0014,
TXT0015,
TXT0016,
TXT0017,
TXT0018,
TXT0019,
TXT0020,
TXT0021,
TXT0022,
TXT0023,
TXT0024,
TXT0025,
TXT0026,
TXT0027,
TXT0028,
TXT0029,
TXT0030,
TXT0031,
TXT0032,
TXT0033,
TXT0034,
TXT0035,
TXT0036,
TXT0037,
TXT0038,
TXT0039,
TXT0040,
TXT0041,
TXT0042,
TXT0043,
TXT0044,
TXT0045,
TXT0046,
TXT0047,
TXT0048,
TXT0049,
TXT0050,
TXT0051,
TXT0052,
TXT0053,
TXT0054,
TXT0055,
TXT0056,
TXT0057,
TXT0058,
TXT0059,
TXT0060,
TXT0061,
TXT0062,
TXT0063,
TXT0064,
TXT0065,
TXT0066,
TXT0067,
TXT0068,
TXT0069,
TXT0070,
TXT0071,
TXT0072,
TXT0073,
TXT0074,
TXT0075,
TXT0076,
TXT0077,
TXT0078,
TXT0079,
TXT0080,
TXT0081,
TXT0082,
TXT0083,
TXT0084,
TXT0085,
TXT0086,
TXT0087,
TXT0088,
TXT0089,
TXT0090,
TXT0091,
TXT0092,
TXT0093,
TXT0094,
TXT0095,
TXT0096,
TXT0097,
TXT0098,
TXT0099,
TXT0100,
TXT0101,
TXT0102,
TXT0103,
TXT0104,
TXT0105,
TXT0106,
TXT0107,
TXT0108,
TXT0109,
TXT0110,
TXT0111,
TXT0112,
TXT0113,
TXT0114,
TXT0115,
TXT0116,
TXT0117,
TXT0118,
TXT0119,
TXT0120,
TXT0121,
TXT0122,
TXT0123,
TXT0124,
TXT0125,
TXT0126,
TXT0127,
TXT0128,
TXT0129,
TXT0130,
TXT0131,
TXT0132,
TXT0133,
TXT0134,
TXT0135,
TXT0136,
TXT0137,
TXT0138,
TXT0139,
TXT0140,
TXT0141,
TXT0142,
TXT0143,
TXT0144,
TXT0145,
TXT0146,
TXT0147,
TXT0148,
TXT0149,
TXT0150,
TXT0151,
TXT0152,
TXT0153,
TXT0154,
TXT0155,
TXT0156,
TXT0157,
TXT0158,
TXT0159,
TXT0160,
TXT0161,
TXT0162,
TXT0163,
TXT0164,
TXT0165,
TXT0166,
TXT0167,
TXT0168,
TXT0169,
TXT0170,
TXT0171,
TXT0172,
TXT0173,
TXT0174,
TXT0175,
TXT0176,
TXT0177,
TXT0178,
TXT0179,
TXT0180,
TXT0181,
TXT0182,
TXT0183,
TXT0184,
TXT0185,
TXT0186,
TXT0187,
TXT0188,
TXT0189,
TXT0190,
TXT0191,
TXT0192,
TXT0193,
TXT0194,
TXT0195,
TXT0196,
TXT0197,
TXT0198,
TXT0199,
TXT0200,
TXT0201,
TXT0202,
TXT0203,
TXT0204,
TXT0205,
TXT0206,
TXT0207,
TXT0208,
TXT0209,
TXT0210,
TXT0211,
TXT0212,
TXT0213,
TXT0214,
TXT0215,
TXT0216,
TXT0217,
TXT0218,
TXT0219,
TXT0220,
TXT0221,
TXT0222,
TXT0223,
TXT0224,
TXT0225,
TXT0226,
TXT0227,
TXT0228,
TXT0229,
TXT0230,
TXT0231,
TXT0232,
TXT0233,
TXT0234,
TXT0235,
TXT0236,
TXT0237,
TXT0238,
TXT0239,
TXT0240,
TXT0241,
TXT0242,
TXT0243,
TXT0244,
TXT0245,
TXT0246,
TXT0247,
TXT0248,
TXT0249,
TXT0250,
TXT0251,
TXT0252,
TXT0253,
TXT0254,
TXT0255,
TXT0256,
TXT0257,
TXT0258,
TXT0259,
TXT0260,
TXT0261,
TXT0262,
TXT0263,
TXT0264,
TXT0265,
TXT0266,
TXT0267,
TXT0268,
TXT0269,
TXT0270,
TXT0271,
TXT0272,
TXT0273,
TXT0274,
TXT0275,
TXT0276,
TXT0277,
TXT0278,
TXT0279,
TXT0280,
TXT0281,
TXT0282,
TXT0283,
TXT0284,
TXT0285,
TXT0286,
TXT0287,
TXT0288,
TXT0289,
TXT0290,
TXT0291,
TXT0292,
TXT0293,
TXT0294,
TXT0295,
TXT0296,
TXT0297,
TXT0298,
TXT0299,
TXT0300,
TXT0301,
TXT0302,
TXT0303,
TXT0304,
TXT0305,
TXT0306,
TXT0307,
TXT0308,
TXT0309,
TXT0310,
TXT0311,
TXT0312,
TXT0313,
TXT0314,
TXT0315,
TXT0316,
TXT0317,
TXT0318,
TXT0319,
TXT0320,
TXT0321,
TXT0322,
TXT0323,
TXT0324,
TXT0325,
TXT0326,
TXT0327,
TXT0328,
TXT0329,
TXT0330,
TXT0331,
TXT0332,
TXT0333,
TXT0334,
TXT0335,
TXT0336,
TXT0337,
TXT0338,
TXT0339,
TXT0340,
TXT0341,
TXT0342,
TXT0343,
TXT0344,
TXT0345,
TXT0346,
TXT0347,
TXT0348,
TXT0349,
TXT0350,
TXT0351,
TXT0352,
TXT0353,
TXT0354,
TXT0355,
TXT0356,
TXT0357,
TXT0358,
TXT0359,
TXT0360,
TXT0361,
TXT0362,
TXT0363,
TXT0364,
TXT0365,
TXT0366,
TXT0367,
TXT0368,
TXT0369,
TXT0370,
TXT0371,
TXT0372,
TXT0373,
TXT0374,
TXT0375,
TXT0376,
TXT0377,
TXT0378,
TXT0379,
TXT0380,
TXT0381,
TXT0382,
TXT0383,
TXT0384,
TXT0385,
TXT0386,
TXT0387,
TXT0388,
TXT0389,
TXT0390,
TXT0391,
TXT0392,
TXT0393,
TXT0394,
TXT0395,
TXT0396,
TXT0397,
TXT0398,
TXT0399,
TXT0400,
TXT0401,
TXT0402,
TXT0403,
TXT0404,
TXT0405,
TXT0406,
TXT0407,
TXT0408,
TXT0409,
TXT0410,
TXT0411,
TXT0412,
TXT0413,
TXT0414,
TXT0415,
TXT0416,
TXT0417,
TXT0418,
TXT0419,
TXT0420,
TXT0421,
TXT0422,
TXT0423,
TXT0424,
TXT0425,
TXT0426,
TXT0427,
TXT0428,
TXT0429,
TXT0430,
TXT0431,
TXT0432,
TXT0433,
TXT0434,
TXT0435,
TXT0436,
TXT0437,
TXT0438,
TXT0439,
TXT0440,
TXT0441,
TXT0442,
TXT0443,
TXT0444,
TXT0445,
TXT0446,
TXT0447,
TXT0448,
TXT0449,
TXT0450,
TXT0451,
TXT0452,
TXT0453,
TXT0454,
TXT0455,
TXT0456,
TXT0457,
TXT0458,
TXT0459,
TXT0460,
TXT0461,
TXT0462,
TXT0463,
TXT0464,
TXT0465,
TXT0466,
TXT0467,
TXT0468,
TXT0469,
TXT0470,
TXT0471,
TXT0472,
TXT0473,
TXT0474,
TXT0475,
TXT0476,
TXT0477,
TXT0478,
TXT0479,
TXT0480,
TXT0481,
TXT0482,
TXT0483,
TXT0484,
TXT0485,
TXT0486,
TXT0487,
TXT0488,
TXT0489,
TXT0490,
TXT0491,
TXT0492,
TXT0493,
TXT0494,
TXT0495,
TXT0496,
TXT0497,
TXT0498,
TXT0499,
TXT0500,
TXT0501,
TXT0502,
TXT0503,
TXT0504,
TXT0505,
TXT0506,
TXT0507,
TXT0508,
TXT0509,
TXT0510,
TXT0511,
TXT0512,
TXT0513,
TXT0514,
TXT0515,
TXT0516,
TXT0517,
TXT0518,
TXT0519,
TXT0520,
TXT0521,
TXT0522,
TXT0523,
TXT0524,
TXT0525,
TXT0526,
TXT0527,
TXT0528,
TXT0529,
TXT0530,
TXT0531,
TXT0532,
TXT0533,
TXT0534,
TXT0535,
TXT0536,
TXT0537,
TXT0538,
TXT0539,
TXT0540,
TXT0541,
TXT0542,
TXT0543,
TXT0544,
TXT0545,
TXT0546,
TXT0547,
TXT0548,
TXT0549,
TXT0550,
TXT0551,
TXT0552,
TXT0553,
TXT0554,
TXT0555,
TXT0556,
TXT0557,
TXT0558,
TXT0559,
TXT0560,
TXT0561,
TXT0562,
TXT0563,
TXT0564,
TXT0565,
TXT0566,
TXT0567,
TXT0568,
TXT0569,
TXT0570,
TXT0571,
TXT0572,
TXT0573,
TXT0574,
TXT0575,
TXT0576,
TXT0577,
TXT0578,
TXT0579,
TXT0580,
TXT0581,
TXT0582,
TXT0583,
TXT0584,
TXT0585,
TXT0586,
TXT0587,
TXT0588,
TXT0589,
TXT0590,
TXT0591,
TXT0592,
TXT0593,
TXT0594,
TXT0595,
TXT0596,
TXT0597,
TXT0598,
TXT0599,
TXT0600,
TXT0601,
TXT0602,
TXT0603,
TXT0604,
TXT0605,
TXT0606,
TXT0607,
TXT0608,
TXT0609,
TXT0610,
TXT0611,
TXT0612,
TXT0613,
TXT0614,
TXT0615,
TXT0616,
TXT0617,
TXT0618,
TXT0619,
TXT0620,
TXT0621,
TXT0622,
TXT0623,
TXT0624,
TXT0625,
TXT0626,
TXT0627,
TXT0628,
TXT0629,
TXT0630,
TXT0631,
TXT0632,
TXT0633,
TXT0634,
TXT0635,
TXT0636,
TXT0637,
TXT0638,
TXT0639,
TXT0640,
TXT0641,
TXT0642,
TXT0643,
TXT0644,
TXT0645,
TXT0646,
TXT0647,
TXT0648,
TXT0649,
TXT0650,
TXT0651,
TXT0652,
TXT0653,
TXT0654,
TXT0655,
TXT0656,
TXT0657,
TXT0658,
TXT0659,
TXT0660,
TXT0661,
TXT0662,
TXT0663,
TXT0664,
TXT0665,
TXT0666,
TXT0667,
TXT0668,
TXT0669,
TXT0670,
TXT0671,
TXT0672,
TXT0673,
TXT0674,
TXT0675,
TXT0676,
TXT0677,
TXT0678,
TXT0679,
TXT0680,
TXT0681,
TXT0682,
TXT0683,
TXT0684,
TXT0685,
TXT0686,
TXT0687,
TXT0688,
TXT0689,
TXT0690,
TXT0691,
TXT0692,
TXT0693,
TXT0694,
TXT0695,
TXT0696,
TXT0697,
TXT0698,
TXT0699,
TXT0700,
TXT0701,
TXT0702,
TXT0703,
TXT0704,
TXT0705,
TXT0706,
TXT0707,
TXT0708,
TXT0709,
TXT0710,
TXT0711,
TXT0712,
TXT0713,
TXT0714,
TXT0715,
TXT0716,
TXT0717,
TXT0718,
TXT0719,
TXT0720,
TXT0721,
TXT0722,
TXT0723,
TXT0724,
TXT0725,
TXT0726,
TXT0727,
TXT0728,
TXT0729,
TXT0730,
TXT0731,
TXT0732,
TXT0733,
TXT0734,
TXT0735,
TXT0736,
TXT0737,
TXT0738,
TXT0739,
TXT0740,
TXT0741,
TXT0742,
TXT0743,
TXT0744,
TXT0745,
TXT0746,
TXT0747,
TXT0748,
TXT0749,
TXT0750,
TXT0751,
TXT0752,
TXT0753,
TXT0754,
TXT0755,
TXT0756,
TXT0757,
TXT0758,
TXT0759,
TXT0760,
TXT0761,
TXT0762,
TXT0763,
TXT0764,
TXT0765,
TXT0766,
TXT0767,
TXT0768,
TXT0769,
TXT0770,
TXT0771,
TXT0772,
TXT0773,
TXT0774,
TXT0775,
TXT0776,
TXT0777,
TXT0778,
TXT0779,
TXT0780,
TXT0781,
TXT0782,
TXT0783,
TXT0784,
TXT0785,
TXT0786,
TXT0787,
TXT0788,
TXT0789,
TXT0790,
TXT0791,
TXT0792,
TXT0793,
TXT0794,
TXT0795,
TXT0796,
TXT0797,
TXT0798,
TXT0799,
TXT0800,
TXT0801,
TXT0802,
TXT0803,
TXT0804,
TXT0805,
TXT0806,
TXT0807,
TXT0808,
TXT0809,
TXT0810,
TXT0811,
TXT0812,
TXT0813,
TXT0814,
TXT0815,
TXT0816,
TXT0817,
TXT0818,
TXT0819,
TXT0820,
TXT0821,
TXT0822,
TXT0823,
TXT0824,
TXT0825,
TXT0826,
TXT0827,
TXT0828,
TXT0829,
TXT0830,
TXT0831,
TXT0832,
TXT0833,
TXT0834,
TXT0835,
TXT0836,
TXT0837,
TXT0838,
TXT0839,
TXT0840,
TXT0841,
TXT0842,
TXT0843,
TXT0844,
TXT0845,
TXT0846,
TXT0847,
TXT0848,
TXT0849,
TXT0850,
TXT0851,
TXT0852,
TXT0853,
TXT0854,
TXT0855,
TXT0856,
TXT0857,
TXT0858,
TXT0859,
TXT0860,
TXT0861,
TXT0862,
TXT0863,
TXT0864,
TXT0865,
TXT0866,
TXT0867,
TXT0868,
TXT0869,
TXT0870,
TXT0871,
TXT0872,
TXT0873,
TXT0874,
TXT0875,
TXT0876,
TXT0877,
TXT0878,
TXT0879,
TXT0880,
TXT0881,
TXT0882,
TXT0883,
TXT0884,
TXT0885,
TXT0886,
TXT0887,
TXT0888,
TXT0889,
TXT0890,
TXT0891,
TXT0892,
TXT0893,
TXT0894,
TXT0895,
TXT0896,
TXT0897,
TXT0898,
TXT0899,
TXT0900,
TXT0901,
TXT0902,
TXT0903,
TXT0904,
TXT0905,
TXT0906,
TXT0907,
TXT0908,
TXT0909,
TXT0910,
TXT0911,
TXT0912,
TXT0913,
TXT0914,
TXT0915,
TXT0916,
TXT0917,
TXT0918,
TXT0919,
TXT0920,
TXT0921,
TXT0922,
TXT0923,
TXT0924,
TXT0925,
TXT0926,
TXT0927,
TXT0928,
TXT0929,
TXT0930,
TXT0931,
TXT0932,
TXT0933,
TXT0934,
TXT0935,
TXT0936,
TXT0937,
TXT0938,
TXT0939,
TXT0940,
TXT0941,
TXT0942,
TXT0943,
TXT0944,
TXT0945,
TXT0946,
TXT0947,
TXT0948,
TXT0949,
TXT0950,
TXT0951,
TXT0952,
TXT0953,
TXT0954,
TXT0955,
TXT0956,
TXT0957,
TXT0958,
TXT0959,
TXT0960,
TXT0961,
TXT0962,
TXT0963,
TXT0964,
TXT0965,
TXT0966,
TXT0967,
TXT0968,
TXT0969,
TXT0970,
TXT0971,
TXT0972,
TXT0973,
TXT0974,
TXT0975,
TXT0976,
TXT0977,
TXT0978,
TXT0979,
TXT0980,
TXT0981,
TXT0982,
TXT0983,
TXT0984,
TXT0985,
TXT0986,
TXT0987,
TXT0988,
TXT0989,
TXT0990,
TXT0991,
TXT0992,
TXT0993,
TXT0994,
TXT0995,
TXT0996,
TXT0997,
TXT0998,
TXT0999,
TXT1000,
TXT1001,
TXT1002,
TXT1003,
TXT1004,
TXT1005,
TXT1006,
TXT1007,
TXT1008,
TXT1009,
TXT1010,
TXT1011,
TXT1012,
TXT1013,
TXT1014,
TXT1015,
TXT1016,
TXT1017,
TXT1018,
TXT1019,
TXT1020,
TXT1021,
TXT1022,
TXT1023,
TXT1024,
TXT1025,
TXT1026,
TXT1027,
TXT1028,
TXT1029,
TXT1030,
TXT1031,
TXT1032,
TXT1033,
TXT1034,
TXT1035,
TXT1036,
TXT1037,
TXT1038,
TXT1039,
TXT1040,
TXT1041,
TXT1042,
TXT1043,
TXT1044,
TXT1045,
TXT1046,
TXT1047,
TXT1048,
TXT1049,
TXT1050,
TXT1051,
TXT1052,
TXT1053,
TXT1054,
TXT1055,
TXT1056,
TXT1057,
TXT1058,
TXT1059,
TXT1060,
TXT1061,
TXT1062,
TXT1063,
TXT1064,
TXT1065,
TXT1066,
TXT1067,
TXT1068,
TXT1069,
TXT1070,
TXT1071,
TXT1072,
TXT1073,
TXT1074,
TXT1075,
TXT1076,
TXT1077,
TXT1078,
TXT1079,
TXT1080,
TXT1081,
TXT1082,
TXT1083,
TXT1084,
TXT1085,
TXT1086,
TXT1087,
TXT1088,
TXT1089,
TXT1090,
TXT1091,
TXT1092,
TXT1093,
TXT1094,
TXT1095,
TXT1096,
TXT1097,
TXT1098,
TXT1099,
TXT1100,
TXT1101,
TXT1102,
TXT1103,
TXT1104,
TXT1105,
TXT1106,
TXT1107,
TXT1108,
TXT1109,
TXT1110,
TXT1111,
TXT1112,
TXT1113,
TXT1114,
TXT1115,
TXT1116,
TXT1117,
TXT1118,
TXT1119,
TXT1120,
TXT1121,
TXT1122,
TXT1123,
TXT1124,
TXT1125,
TXT1126,
TXT1127,
TXT1128,
TXT1129,
TXT1130,
TXT1131,
TXT1132,
TXT1133,
TXT1134,
TXT1135,
TXT1136,
TXT1137,
TXT1138,
TXT1139,
TXT1140,
TXT1141,
TXT1142,
TXT1143,
TXT1144,
TXT1145,
TXT1146,
TXT1147,
TXT1148,
TXT1149,
TXT1150,
TXT1151,
TXT1152,
TXT1153,
TXT1154,
TXT1155,
TXT1156,
TXT1157,
TXT1158,
TXT1159,
TXT1160,
TXT1161,
TXT1162,
TXT1163,
TXT1164,
TXT1165,
TXT1166,
TXT1167,
TXT1168,
TXT1169,
TXT1170,
TXT1171,
TXT1172,
TXT1173,
TXT1174,
TXT1175,
TXT1176,
TXT1177,
TXT1178,
TXT1179,
TXT1180,
TXT1181,
TXT1182,
TXT1183,
TXT1184,
TXT1185,
TXT1186,
TXT1187,
TXT1188,
TXT1189,
TXT1190,
TXT1191,
TXT1192,
TXT1193,
TXT1194,
TXT1195,
TXT1196,
TXT1197,
TXT1198,
TXT1199,
TXT1200,
TXT1201,
TXT1202,
TXT1203,
TXT1204,
TXT1205,
TXT1206,
TXT1207,
TXT1208,
TXT1209,
TXT1210,
TXT1211,
TXT1212,
TXT1213,
TXT1214,
TXT1215,
TXT1216,
TXT1217,
TXT1218,
TXT1219,
TXT1220,
TXT1221,
TXT1222,
TXT1223,
TXT1224,
TXT1225,
TXT1226,
TXT1227,
TXT1228,
TXT1229,
TXT1230,
TXT1231,
TXT1232,
TXT1233,
TXT1234,
TXT1235,
TXT1236,
TXT1237,
TXT1238,
TXT1239,
TXT1240,
TXT1241,
TXT1242,
TXT1243,
TXT1244,
TXT1245,
TXT1246,
TXT1247,
TXT1248,
TXT1249,
TXT1250,
TXT1251,
TXT1252,
TXT1253,
TXT1254,
TXT1255,
TXT1256,
TXT1257,
TXT1258,
TXT1259,
TXT1260,
TXT1261,
TXT1262,
TXT1263,
TXT1264,
TXT1265,
TXT1266,
TXT1267,
TXT1268,
TXT1269,
TXT1270,
TXT1271,
TXT1272,
TXT1273,
TXT1274,
TXT1275,
TXT1276,
TXT1277,
TXT1278,
TXT1279,
TXT1280,
TXT1281,
TXT1282,
TXT1283,
TXT1284,
TXT1285,
TXT1286,
TXT1287,
TXT1288,
TXT1289,
TXT1290,
TXT1291,
TXT1292,
TXT1293,
TXT1294,
TXT1295,
TXT1296,
TXT1297,
TXT1298,
TXT1299,
TXT1300,
TXT1301,
TXT1302,
TXT1303,
TXT1304,
TXT1305,
TXT1306,
TXT1307,
TXT1308,
TXT1309,
TXT1310,
TXT1311,
TXT1312,
TXT1313,
TXT1314,
TXT1315,
TXT1316,
TXT1317,
TXT1318,
TXT1319,
TXT1320,
TXT1321,
TXT1322,
TXT1323,
TXT1324,
TXT1325,
TXT1326,
TXT1327,
TXT1328,
TXT1329,
TXT1330,
TXT1331,
TXT1332,
TXT1333,
TXT1334,
TXT1335,
TXT1336,
TXT1337,
TXT1338,
TXT1339,
TXT1340,
TXT1341,
TXT1342,
TXT1343,
TXT1344,
TXT1345,
TXT1346,
TXT1347,
TXT1348,
TXT1349,
TXT1350,
TXT1351,
TXT1352,
TXT1353,
TXT1354,
TXT1355,
TXT1356,
TXT1357,
TXT1358,
TXT1359,
TXT1360,
TXT1361,
TXT1362,
TXT1363,
TXT1364,
TXT1365,
TXT1366,
TXT1367,
TXT1368,
TXT1369,
TXT1370,
TXT1371,
TXT1372,
TXT1373,
TXT1374,
TXT1375,
TXT1376,
TXT1377,
TXT1378,
TXT1379,
TXT1380,
TXT1381,
TXT1382,
TXT1383,
TXT1384,
TXT1385,
TXT1386,
TXT1387,
TXT1388,
TXT1389,
TXT1390,
TXT1391,
TXT1392,
TXT1393,
TXT1394,
TXT1395,
TXT1396,
TXT1397,
TXT1398,
TXT1399,
TXT1400,
TXT1401,
TXT1402,
TXT1403,
TXT1404,
TXT1405,
TXT1406,
TXT1407,
TXT1408,
TXT1409,
TXT1410,
TXT1411,
TXT1412,
TXT1413,
TXT1414,
TXT1415,
TXT1416,
TXT1417,
TXT1418,
TXT1419,
TXT1420,
TXT1421,
TXT1422,
TXT1423,
TXT1424,
TXT1425,
TXT1426,
TXT1427,
TXT1428,
TXT1429,
TXT1430,
TXT1431,
TXT1432,
TXT1433,
TXT1434,
TXT1435,
TXT1436,
TXT1437,
TXT1438,
TXT1439,
TXT1440,
TXT1441,
TXT1442,
TXT1443,
TXT1444,
TXT1445,
TXT1446,
TXT1447,
TXT1448,
TXT1449,
TXT1450,
TXT1451,
TXT1452,
TXT1453,
TXT1454,
TXT1455,
TXT1456,
TXT1457,
TXT1458,
TXT1459,
TXT1460,
TXT1461,
TXT1462,
TXT1463,
TXT1464,
TXT1465,
TXT1466,
TXT1467,
TXT1468,
TXT1469,
TXT1470,
TXT1471,
TXT1472,
TXT1473,
TXT1474,
TXT1475,
TXT1476,
TXT1477,
TXT1478,
TXT1479,
TXT1480,
TXT1481,
TXT1482,
TXT1483,
TXT1484,
TXT1485,
TXT1486,
TXT1487,
TXT1488,
TXT1489,
TXT1490,
TXT1491,
TXT1492,
TXT1493,
TXT1494,
TXT1495,
TXT1496,
TXT1497,
TXT1498,
TXT1499,
TXT1500,